N;X;Y;T;Time;
512;10;10;3C;0.244316
512;10;10;1K;0.284443
512;10;10;10K;0.296664
1024;10;10;3C;11.169168
1024;10;10;1K;25.082242
1024;10;10;10K;25.119978
2048;10;10;3C;204.587598
2048;10;10;1K;201.571758
2048;10;10;10K;201.871628
4096;10;10;3C;1469.686960
