N;XxY;T;Time
2048;16x16;3C;0.688956
2048;32x16;1K;1.909676
2048;32x32;10K;18.170152
