N;X;Y;T;Time;
2048;16;16;300;0.808872
2048;16;16;1000;1.934977
2048;16;16;10000;18.230406
2048;32;16;300;0.652350
2048;32;16;1000;1.891912
2048;32;16;10000;17.714122
2048;32;32;300;0.646472
2048;32;32;1000;1.885794
2048;32;32;10000;17.824521
