N;X;Y;T;Time;
512;10;10;300;0.244316
512;10;10;1000;0.284443
512;10;10;10000;0.296664
1024;10;10;300;11.169168
1024;10;10;1000;25.082242
1024;10;10;10000;25.119978
2048;10;10;300;204.587598
2048;10;10;1000;201.571758
2048;10;10;10000;201.871628
4096;10;10;300;1469.686960
