N;X;Y;T;Time;
512;10;10;300;0.080843
512;10;10;1000;0.066303
512;10;10;10000;0.076833
1024;10;10;300;0.073585
1024;10;10;1000;0.075076
1024;10;10;10000;0.086574
2048;10;10;300;0.117406
2048;10;10;1000;0.123307
2048;10;10;10000;0.133911
4096;10;10;300;0.293495
4096;10;10;1000;0.308066
4096;10;10;10000;0.320240
2048;16;16;300;0.688956
2048;32;16;1000;1.909676
2048;32;32;10000;18.170152
